{
  "interactionModel": {
    "languageModel": {
      "intents": [
        {
          "name": "AMAZON.CancelIntent",
          "samples": []
        },
        {
          "name": "AMAZON.HelpIntent",
          "samples": []
        },
        {
          "name": "AMAZON.StopIntent",
          "samples": []
        },
        {
          "slots": [],
          "name": "MixazolFunFactsIntent",
          "samples": [
            "tell me another fun fact",
            "my fun fact",
            "give me a fun fact",
            "tell me a fun fact",
            "what is today\u0027s fun fact"
          ]
        },
        {
          "name": "AMAZON.NavigateHomeIntent",
          "samples": []
        },
        {
          "name": "AMAZON.FallbackIntent",
          "samples": []
        }
      ],
      "types": [],
      "invocationName": "mixazol fun facts"
    }
  }
}